streak_started_at,streak_ended_at,nb_days
2025-09-21T14:14:57,2025-09-21T14:14:57,1
2025-08-30T12:00:55,2025-08-30T12:00:55,1
2025-08-11T16:42:23,2025-08-21T21:22:57,10
2025-09-24T02:32:05,2025-09-28T00:08:24,4
2025-09-09T12:22:22,2025-09-09T21:22:25,2
2025-09-18T17:31:02,2025-09-18T17:31:02,1
2025-10-04T23:27:10,2025-10-06T02:43:43,2
2025-08-31T21:07:47,2025-09-04T21:41:20,5
2025-11-17T16:09:16,2025-11-22T14:40:14,4
2025-10-11T04:52:07,2025-10-11T04:52:07,1
2025-08-06T12:38:45,2025-08-06T12:38:45,1
2025-06-30T15:47:38,2025-08-03T20:36:17,25
2025-08-26T20:20:05,2025-08-26T20:20:05,1
